[
  {
    "id": 0,
    "name": "Dell",
    "picture": "images/Dell-140.jpg",
    "price": "INR 84,990/-",
    "model": "Inspiron 14 5410",
    "colour": "Silver",
    "purchaser": "Not purchased"
  },
  {
    "id": 1,
    "name": "Lenova",
    "picture": "images/Lenova-140.jpg",
    "price": "INR 47,400/-",
    "model": "Thinkpad E 14",
    "colour": "Black",
    "purchaser": "Not purchased"
  },
  {
    "id": 2,
    "name": "Hewlett-Packyard",
    "picture": "images/HP-140.jpg",
    "price": "INR 59,999/-",
    "model": "HP Laptop 15s-fq5010TU",
    "colour": "Silver",
    "purchaser": "Not purchased"
  },
  {
    "id": 3,
    "name": "Samsung",
    "picture": "images/Samsung-140.jpg",
    "price": "INR 1,08,990/-",
    "model": "Galaxy Book2 Pro 360",
    "colour": "Silver",
    "purchaser": "Not purchased"
  },
  {
    "id": 4,
    "name": "Samsung",
    "picture": "images/Samsung-140.jpg",
    "price": "INR 1,08,990/-",
    "model": "Galaxy Book2 Pro 360",
    "colour": "Silver",
    "purchaser": "Not purchased"
  },
  {
    "id": 5,
    "name": "Hewlett-Packyard",
    "picture": "images/HP-140.jpg",
    "price": "INR 59,999/-",
    "model": "HP Laptop 15s-fq5010TU",
    "colour": "Silver",
    "purchaser": "Not purchased"
  },
  {
    "id": 6,
    "name": "Lenova",
    "picture": "images/Lenova-140.jpg",
    "price": "INR 47,400/-",
    "model": "Thinkpad E 14",
    "colour": "Black",
    "purchaser": "Not purchased"
  },
  {
    "id": 7,
    "name": "Dell",
    "picture": "images/Dell-140.jpg",
    "price": "INR 84,990/-",
    "model": "Inspiron 14 5410",
    "colour": "Silver",
    "purchaser": "Not purchased"
  },
  {
    "id": 8,
    "name": "Dell",
    "picture": "images/Dell-140.jpg",
    "price": "INR 84,990/-",
    "model": "Inspiron 14 5410",
    "colour": "Silver",
    "purchaser": "Not purchased"
  },
  {
    "id": 9,
    "name": "Hewlett-Packyard",
    "picture": "images/HP-140.jpg",
    "price": "INR 59,999/-",
    "model": "HP Laptop 15s-fq5010TU",
    "colour": "Silver",
    "purchaser": "Not purchased"
  },
  {
    "id": 10,
    "name": "Lenova",
    "picture": "images/Lenova-140.jpg",
    "price": "INR 47,400/-",
    "model": "Thinkpad E 14",
    "colour": "Black",
    "purchaser": "Not purchased"
  },
  {
    "id": 11,
    "name": "Samsung",
    "picture": "images/Samsung-140.jpg",
    "price": "INR 1,08,990/-",
    "model": "Galaxy Book2 Pro 360",
    "colour": "Silver",
    "purchaser": "Not purchased"
  },
  {
    "id": 12,
    "name": "Lenova",
    "picture": "images/Lenova-140.jpg",
    "price": "INR 47,400/-",
    "model": "Thinkpad E 14",
    "colour": "Black",
    "purchaser": "Not purchased"
  },
  {
    "id": 13,
    "name": "Samsung",
    "picture": "images/Samsung-140.jpg",
    "price": "INR 1,08,990/-",
    "model": "Galaxy Book2 Pro 360",
    "colour": "Silver",
    "purchaser": "Not purchased"
  },
  {
    "id": 14,
    "name": "Dell",
    "picture": "images/Dell-140.jpg",
    "price": "INR 84,990/-",
    "model": "Inspiron 14 5410",
    "colour": "Silver",
    "purchaser": "Not purchased"
  },
  {
    "id": 15,
    "name": "Hewlett-Packyard",
    "picture": "images/HP-140.jpg",
    "price": "INR 59,999/-",
    "model": "HP Laptop 15s-fq5010TU",
    "colour": "Silver",
    "purchaser": "Not purchased <br>&nbsp;"
  }
]
